"Source:","/home/afsal/esc/esc final2/esc final2.kicad_sch"
"Date:","2024-07-23T15:26:12+0530"
"Tool:","Eeschema 8.0.3-8.0.3-0~ubuntu20.04.1"
"Generator:","/usr/share/kicad/plugins/bom_csv_grouped_by_value_with_fp.py"
"Component Count:","54"
"Ref","Qnty","Value","Cmp name","Footprint","Description","Vendor","DNP"
"12V1","1","Conn_01x01_Pin","Conn_01x01_Pin","TestPoint:TestPoint_Pad_4.0x4.0mm","Generic connector, single row, 01x01, script generated","",""
"C1, C2, C3, C10, C11, C12","6","100nF","C","Capacitor_THT:C_Disc_D3.0mm_W2.0mm_P2.50mm","Unpolarized capacitor","",""
"C4, C5, C6","3","22uF","C_Polarized","Capacitor_THT:C_Disc_D3.0mm_W2.0mm_P2.50mm","Polarized capacitor","",""
"C7, C8, C9","3","22uF","C_Polarized","Capacitor_THT:CP_Radial_D5.0mm_P2.50mm","Polarized capacitor","",""
"D1, D2, D3, D7, D8, D9","6","UF4007","1N4148WT","Diode_THT:D_5KP_P10.16mm_Horizontal","75V 0.15A Fast switching Diode, SOD-523","",""
"D4, D5, D6","3","10ohm","D","Diode_THT:D_5KP_P10.16mm_Horizontal","Diode","",""
"GND1","1","Conn_01x01_Pin","Conn_01x01_Pin","TestPoint:TestPoint_Pad_4.0x4.0mm","Generic connector, single row, 01x01, script generated","",""
"J1, J2, J3, J4, J5, J6, J7","7","Conn_01x01_Pin","Conn_01x01_Pin","TestPoint:TestPoint_THTPad_D2.0mm_Drill1.0mm","Generic connector, single row, 01x01, script generated","",""
"PHASEA1","1","Conn_01x01_Pin","Conn_01x01_Pin","TestPoint:TestPoint_Pad_4.0x4.0mm","Generic connector, single row, 01x01, script generated","",""
"PHASEB1","1","Conn_01x01_Pin","Conn_01x01_Pin","TestPoint:TestPoint_Pad_4.0x4.0mm","Generic connector, single row, 01x01, script generated","",""
"PHASEC1","1","Conn_01x01_Pin","Conn_01x01_Pin","TestPoint:TestPoint_Pad_4.0x4.0mm","Generic connector, single row, 01x01, script generated","",""
"Q1, Q2, Q3, Q4, Q5, Q6","6","IRF3205","IRF3205","Package_TO_SOT_THT:TO-220-3_Vertical","110A Id, 55V Vds, Single N-Channel HEXFET Power MOSFET, 8mOhm Ron, TO-220AB","",""
"R1, R2, R3, R4, R5, R6","6","10ohm","R_US","Resistor_THT:R_Axial_DIN0207_L6.3mm_D2.5mm_P10.16mm_Horizontal","Resistor, US symbol","",""
"R7, R8, R9, R10, R11, R12","6","1K","R_US","Resistor_THT:R_Axial_DIN0207_L6.3mm_D2.5mm_P10.16mm_Horizontal","Resistor, US symbol","",""
"U1, U2, U3","3","IR2110","IR2110","Package_DIP:DIP-14_W7.62mm","High and Low Side Driver, 500V, 2.0/2.0A, PDIP-14","",""
