<?xml version="1.0" encoding="UTF-8"?>
<export version="E">
  <design>
    <source>/home/afsal/esc/esc final2/esc final2.kicad_sch</source>
    <date>2024-07-23T15:26:12+0530</date>
    <tool>Eeschema 8.0.3-8.0.3-0~ubuntu20.04.1</tool>
    <sheet number="1" name="/" tstamps="/">
      <title_block>
        <title>ESC</title>
        <company>ICFOSS</company>
        <rev/>
        <date>2024-07-10</date>
        <source>esc final2.kicad_sch</source>
        <comment number="1" value=""/>
        <comment number="2" value=""/>
        <comment number="3" value=""/>
        <comment number="4" value=""/>
        <comment number="5" value=""/>
        <comment number="6" value=""/>
        <comment number="7" value=""/>
        <comment number="8" value=""/>
        <comment number="9" value=""/>
      </title_block>
    </sheet>
  </design>
  <components>
    <comp ref="12V1">
      <value>Conn_01x01_Pin</value>
      <footprint>TestPoint:TestPoint_Pad_4.0x4.0mm</footprint>
      <description>Generic connector, single row, 01x01, script generated</description>
      <fields>
        <field name="Footprint">TestPoint:TestPoint_Pad_4.0x4.0mm</field>
        <field name="Datasheet"/>
        <field name="Description">Generic connector, single row, 01x01, script generated</field>
      </fields>
      <libsource lib="Connector" part="Conn_01x01_Pin" description="Generic connector, single row, 01x01, script generated"/>
      <property name="Sheetname" value="Root"/>
      <property name="Sheetfile" value="esc final2.kicad_sch"/>
      <property name="ki_keywords" value="connector"/>
      <property name="ki_fp_filters" value="Connector*:*_1x??_*"/>
      <sheetpath names="/" tstamps="/"/>
      <tstamps>75ba1bbf-2a7a-4bb3-a0aa-e4cde7bc1b9c</tstamps>
    </comp>
    <comp ref="C1">
      <value>100nF</value>
      <footprint>Capacitor_THT:C_Disc_D3.0mm_W2.0mm_P2.50mm</footprint>
      <description>Unpolarized capacitor</description>
      <fields>
        <field name="Footprint">Capacitor_THT:C_Disc_D3.0mm_W2.0mm_P2.50mm</field>
        <field name="Datasheet"/>
        <field name="Description">Unpolarized capacitor</field>
      </fields>
      <libsource lib="Device" part="C" description="Unpolarized capacitor"/>
      <property name="Sheetname" value="Root"/>
      <property name="Sheetfile" value="esc final2.kicad_sch"/>
      <property name="ki_keywords" value="cap capacitor"/>
      <property name="ki_fp_filters" value="C_*"/>
      <sheetpath names="/" tstamps="/"/>
      <tstamps>05002e47-a91b-4b58-abd9-2b38cede95c6</tstamps>
    </comp>
    <comp ref="C2">
      <value>100nF</value>
      <footprint>Capacitor_THT:C_Disc_D3.0mm_W2.0mm_P2.50mm</footprint>
      <description>Unpolarized capacitor</description>
      <fields>
        <field name="Footprint">Capacitor_THT:C_Disc_D3.0mm_W2.0mm_P2.50mm</field>
        <field name="Datasheet"/>
        <field name="Description">Unpolarized capacitor</field>
      </fields>
      <libsource lib="Device" part="C" description="Unpolarized capacitor"/>
      <property name="Sheetname" value="Root"/>
      <property name="Sheetfile" value="esc final2.kicad_sch"/>
      <property name="ki_keywords" value="cap capacitor"/>
      <property name="ki_fp_filters" value="C_*"/>
      <sheetpath names="/" tstamps="/"/>
      <tstamps>568954f9-c2de-4864-a386-0027221ef18f</tstamps>
    </comp>
    <comp ref="C3">
      <value>100nF</value>
      <footprint>Capacitor_THT:C_Disc_D3.0mm_W2.0mm_P2.50mm</footprint>
      <description>Unpolarized capacitor</description>
      <fields>
        <field name="Footprint">Capacitor_THT:C_Disc_D3.0mm_W2.0mm_P2.50mm</field>
        <field name="Datasheet"/>
        <field name="Description">Unpolarized capacitor</field>
      </fields>
      <libsource lib="Device" part="C" description="Unpolarized capacitor"/>
      <property name="Sheetname" value="Root"/>
      <property name="Sheetfile" value="esc final2.kicad_sch"/>
      <property name="ki_keywords" value="cap capacitor"/>
      <property name="ki_fp_filters" value="C_*"/>
      <sheetpath names="/" tstamps="/"/>
      <tstamps>ef7c66c3-9018-4ab7-b094-6c079e652e77</tstamps>
    </comp>
    <comp ref="C4">
      <value>22uF</value>
      <footprint>Capacitor_THT:C_Disc_D3.0mm_W2.0mm_P2.50mm</footprint>
      <description>Polarized capacitor</description>
      <fields>
        <field name="Footprint">Capacitor_THT:C_Disc_D3.0mm_W2.0mm_P2.50mm</field>
        <field name="Datasheet"/>
        <field name="Description">Polarized capacitor</field>
      </fields>
      <libsource lib="Device" part="C_Polarized" description="Polarized capacitor"/>
      <property name="Sheetname" value="Root"/>
      <property name="Sheetfile" value="esc final2.kicad_sch"/>
      <property name="ki_keywords" value="cap capacitor"/>
      <property name="ki_fp_filters" value="CP_*"/>
      <sheetpath names="/" tstamps="/"/>
      <tstamps>d908e966-7241-4941-bf9d-b6c25727f6bc</tstamps>
    </comp>
    <comp ref="C5">
      <value>22uF</value>
      <footprint>Capacitor_THT:C_Disc_D3.0mm_W2.0mm_P2.50mm</footprint>
      <description>Polarized capacitor</description>
      <fields>
        <field name="Footprint">Capacitor_THT:C_Disc_D3.0mm_W2.0mm_P2.50mm</field>
        <field name="Datasheet"/>
        <field name="Description">Polarized capacitor</field>
      </fields>
      <libsource lib="Device" part="C_Polarized" description="Polarized capacitor"/>
      <property name="Sheetname" value="Root"/>
      <property name="Sheetfile" value="esc final2.kicad_sch"/>
      <property name="ki_keywords" value="cap capacitor"/>
      <property name="ki_fp_filters" value="CP_*"/>
      <sheetpath names="/" tstamps="/"/>
      <tstamps>f626631f-c60b-4095-9333-50dc8884fa4a</tstamps>
    </comp>
    <comp ref="C6">
      <value>22uF</value>
      <footprint>Capacitor_THT:C_Disc_D3.0mm_W2.0mm_P2.50mm</footprint>
      <description>Polarized capacitor</description>
      <fields>
        <field name="Footprint">Capacitor_THT:C_Disc_D3.0mm_W2.0mm_P2.50mm</field>
        <field name="Datasheet"/>
        <field name="Description">Polarized capacitor</field>
      </fields>
      <libsource lib="Device" part="C_Polarized" description="Polarized capacitor"/>
      <property name="Sheetname" value="Root"/>
      <property name="Sheetfile" value="esc final2.kicad_sch"/>
      <property name="ki_keywords" value="cap capacitor"/>
      <property name="ki_fp_filters" value="CP_*"/>
      <sheetpath names="/" tstamps="/"/>
      <tstamps>3de2335c-ced7-47e5-aed4-d640753a796e</tstamps>
    </comp>
    <comp ref="C7">
      <value>22uF</value>
      <footprint>Capacitor_THT:CP_Radial_D5.0mm_P2.50mm</footprint>
      <description>Polarized capacitor</description>
      <fields>
        <field name="Footprint">Capacitor_THT:CP_Radial_D5.0mm_P2.50mm</field>
        <field name="Datasheet"/>
        <field name="Description">Polarized capacitor</field>
      </fields>
      <libsource lib="Device" part="C_Polarized" description="Polarized capacitor"/>
      <property name="Sheetname" value="Root"/>
      <property name="Sheetfile" value="esc final2.kicad_sch"/>
      <property name="ki_keywords" value="cap capacitor"/>
      <property name="ki_fp_filters" value="CP_*"/>
      <sheetpath names="/" tstamps="/"/>
      <tstamps>abd37c8c-7506-4e8c-a438-fe02832d6956</tstamps>
    </comp>
    <comp ref="C8">
      <value>22uF</value>
      <footprint>Capacitor_THT:CP_Radial_D5.0mm_P2.50mm</footprint>
      <description>Polarized capacitor</description>
      <fields>
        <field name="Footprint">Capacitor_THT:CP_Radial_D5.0mm_P2.50mm</field>
        <field name="Datasheet"/>
        <field name="Description">Polarized capacitor</field>
      </fields>
      <libsource lib="Device" part="C_Polarized" description="Polarized capacitor"/>
      <property name="Sheetname" value="Root"/>
      <property name="Sheetfile" value="esc final2.kicad_sch"/>
      <property name="ki_keywords" value="cap capacitor"/>
      <property name="ki_fp_filters" value="CP_*"/>
      <sheetpath names="/" tstamps="/"/>
      <tstamps>55a046c0-fddb-4086-9d7b-362b753e314d</tstamps>
    </comp>
    <comp ref="C9">
      <value>22uF</value>
      <footprint>Capacitor_THT:CP_Radial_D5.0mm_P2.50mm</footprint>
      <description>Polarized capacitor</description>
      <fields>
        <field name="Footprint">Capacitor_THT:CP_Radial_D5.0mm_P2.50mm</field>
        <field name="Datasheet"/>
        <field name="Description">Polarized capacitor</field>
      </fields>
      <libsource lib="Device" part="C_Polarized" description="Polarized capacitor"/>
      <property name="Sheetname" value="Root"/>
      <property name="Sheetfile" value="esc final2.kicad_sch"/>
      <property name="ki_keywords" value="cap capacitor"/>
      <property name="ki_fp_filters" value="CP_*"/>
      <sheetpath names="/" tstamps="/"/>
      <tstamps>55c1f1e7-cde0-4f5d-bc14-7f92c2bdf93c</tstamps>
    </comp>
    <comp ref="C10">
      <value>100nF</value>
      <footprint>Capacitor_THT:C_Disc_D3.0mm_W2.0mm_P2.50mm</footprint>
      <description>Unpolarized capacitor</description>
      <fields>
        <field name="Footprint">Capacitor_THT:C_Disc_D3.0mm_W2.0mm_P2.50mm</field>
        <field name="Datasheet"/>
        <field name="Description">Unpolarized capacitor</field>
      </fields>
      <libsource lib="Device" part="C" description="Unpolarized capacitor"/>
      <property name="Sheetname" value="Root"/>
      <property name="Sheetfile" value="esc final2.kicad_sch"/>
      <property name="ki_keywords" value="cap capacitor"/>
      <property name="ki_fp_filters" value="C_*"/>
      <sheetpath names="/" tstamps="/"/>
      <tstamps>cad2377f-c5c3-4978-ac18-606af1420ea1</tstamps>
    </comp>
    <comp ref="C11">
      <value>100nF</value>
      <footprint>Capacitor_THT:C_Disc_D3.0mm_W2.0mm_P2.50mm</footprint>
      <description>Unpolarized capacitor</description>
      <fields>
        <field name="Footprint">Capacitor_THT:C_Disc_D3.0mm_W2.0mm_P2.50mm</field>
        <field name="Datasheet"/>
        <field name="Description">Unpolarized capacitor</field>
      </fields>
      <libsource lib="Device" part="C" description="Unpolarized capacitor"/>
      <property name="Sheetname" value="Root"/>
      <property name="Sheetfile" value="esc final2.kicad_sch"/>
      <property name="ki_keywords" value="cap capacitor"/>
      <property name="ki_fp_filters" value="C_*"/>
      <sheetpath names="/" tstamps="/"/>
      <tstamps>e2211dca-9f7a-4881-abe0-8730061c9740</tstamps>
    </comp>
    <comp ref="C12">
      <value>100nF</value>
      <footprint>Capacitor_THT:C_Disc_D3.0mm_W2.0mm_P2.50mm</footprint>
      <description>Unpolarized capacitor</description>
      <fields>
        <field name="Footprint">Capacitor_THT:C_Disc_D3.0mm_W2.0mm_P2.50mm</field>
        <field name="Datasheet"/>
        <field name="Description">Unpolarized capacitor</field>
      </fields>
      <libsource lib="Device" part="C" description="Unpolarized capacitor"/>
      <property name="Sheetname" value="Root"/>
      <property name="Sheetfile" value="esc final2.kicad_sch"/>
      <property name="ki_keywords" value="cap capacitor"/>
      <property name="ki_fp_filters" value="C_*"/>
      <sheetpath names="/" tstamps="/"/>
      <tstamps>0fe27fc4-ded5-4df9-b8ca-3f170f919f06</tstamps>
    </comp>
    <comp ref="D1">
      <value>UF4007</value>
      <footprint>Diode_THT:D_5KP_P10.16mm_Horizontal</footprint>
      <description>Diode</description>
      <fields>
        <field name="Sim.Device">D</field>
        <field name="Sim.Pins">1=K 2=A</field>
        <field name="Footprint">Diode_THT:D_5KP_P10.16mm_Horizontal</field>
        <field name="Datasheet"/>
        <field name="Description">Diode</field>
      </fields>
      <libsource lib="Device" part="D" description="Diode"/>
      <property name="Sim.Device" value="D"/>
      <property name="Sim.Pins" value="1=K 2=A"/>
      <property name="Sheetname" value="Root"/>
      <property name="Sheetfile" value="esc final2.kicad_sch"/>
      <property name="ki_keywords" value="diode"/>
      <property name="ki_fp_filters" value="TO-???* *_Diode_* *SingleDiode* D_*"/>
      <sheetpath names="/" tstamps="/"/>
      <tstamps>e02f9fcd-54b3-49b2-b48f-8edfcd22d7ff</tstamps>
    </comp>
    <comp ref="D2">
      <value>UF4007</value>
      <footprint>Diode_THT:D_5KP_P10.16mm_Horizontal</footprint>
      <description>Diode</description>
      <fields>
        <field name="Sim.Device">D</field>
        <field name="Sim.Pins">1=K 2=A</field>
        <field name="Footprint">Diode_THT:D_5KP_P10.16mm_Horizontal</field>
        <field name="Datasheet"/>
        <field name="Description">Diode</field>
      </fields>
      <libsource lib="Device" part="D" description="Diode"/>
      <property name="Sim.Device" value="D"/>
      <property name="Sim.Pins" value="1=K 2=A"/>
      <property name="Sheetname" value="Root"/>
      <property name="Sheetfile" value="esc final2.kicad_sch"/>
      <property name="ki_keywords" value="diode"/>
      <property name="ki_fp_filters" value="TO-???* *_Diode_* *SingleDiode* D_*"/>
      <sheetpath names="/" tstamps="/"/>
      <tstamps>39a20176-cdb3-4f74-8e68-9c197cfeae76</tstamps>
    </comp>
    <comp ref="D3">
      <value>UF4007</value>
      <footprint>Diode_THT:D_5KP_P10.16mm_Horizontal</footprint>
      <description>Diode</description>
      <fields>
        <field name="Sim.Device">D</field>
        <field name="Sim.Pins">1=K 2=A</field>
        <field name="Footprint">Diode_THT:D_5KP_P10.16mm_Horizontal</field>
        <field name="Datasheet"/>
        <field name="Description">Diode</field>
      </fields>
      <libsource lib="Device" part="D" description="Diode"/>
      <property name="Sim.Device" value="D"/>
      <property name="Sim.Pins" value="1=K 2=A"/>
      <property name="Sheetname" value="Root"/>
      <property name="Sheetfile" value="esc final2.kicad_sch"/>
      <property name="ki_keywords" value="diode"/>
      <property name="ki_fp_filters" value="TO-???* *_Diode_* *SingleDiode* D_*"/>
      <sheetpath names="/" tstamps="/"/>
      <tstamps>2edc637b-410b-4ca5-b7ac-528641b60530</tstamps>
    </comp>
    <comp ref="D4">
      <value>10ohm</value>
      <footprint>Diode_THT:D_5KP_P10.16mm_Horizontal</footprint>
      <description>Diode</description>
      <fields>
        <field name="Sim.Device">D</field>
        <field name="Sim.Pins">1=K 2=A</field>
        <field name="Footprint">Diode_THT:D_5KP_P10.16mm_Horizontal</field>
        <field name="Datasheet"/>
        <field name="Description">Diode</field>
      </fields>
      <libsource lib="Device" part="D" description="Diode"/>
      <property name="Sim.Device" value="D"/>
      <property name="Sim.Pins" value="1=K 2=A"/>
      <property name="Sheetname" value="Root"/>
      <property name="Sheetfile" value="esc final2.kicad_sch"/>
      <property name="ki_keywords" value="diode"/>
      <property name="ki_fp_filters" value="TO-???* *_Diode_* *SingleDiode* D_*"/>
      <sheetpath names="/" tstamps="/"/>
      <tstamps>2704c09d-520f-4c70-aa23-1d2cc75cc158</tstamps>
    </comp>
    <comp ref="D5">
      <value>10ohm</value>
      <footprint>Diode_THT:D_5KP_P10.16mm_Horizontal</footprint>
      <description>Diode</description>
      <fields>
        <field name="Sim.Device">D</field>
        <field name="Sim.Pins">1=K 2=A</field>
        <field name="Footprint">Diode_THT:D_5KP_P10.16mm_Horizontal</field>
        <field name="Datasheet"/>
        <field name="Description">Diode</field>
      </fields>
      <libsource lib="Device" part="D" description="Diode"/>
      <property name="Sim.Device" value="D"/>
      <property name="Sim.Pins" value="1=K 2=A"/>
      <property name="Sheetname" value="Root"/>
      <property name="Sheetfile" value="esc final2.kicad_sch"/>
      <property name="ki_keywords" value="diode"/>
      <property name="ki_fp_filters" value="TO-???* *_Diode_* *SingleDiode* D_*"/>
      <sheetpath names="/" tstamps="/"/>
      <tstamps>01702422-a3c1-480a-abfd-35be5324756a</tstamps>
    </comp>
    <comp ref="D6">
      <value>10ohm</value>
      <footprint>Diode_THT:D_5KP_P10.16mm_Horizontal</footprint>
      <description>Diode</description>
      <fields>
        <field name="Sim.Device">D</field>
        <field name="Sim.Pins">1=K 2=A</field>
        <field name="Footprint">Diode_THT:D_5KP_P10.16mm_Horizontal</field>
        <field name="Datasheet"/>
        <field name="Description">Diode</field>
      </fields>
      <libsource lib="Device" part="D" description="Diode"/>
      <property name="Sim.Device" value="D"/>
      <property name="Sim.Pins" value="1=K 2=A"/>
      <property name="Sheetname" value="Root"/>
      <property name="Sheetfile" value="esc final2.kicad_sch"/>
      <property name="ki_keywords" value="diode"/>
      <property name="ki_fp_filters" value="TO-???* *_Diode_* *SingleDiode* D_*"/>
      <sheetpath names="/" tstamps="/"/>
      <tstamps>6fe2336b-54bb-4b55-a615-284a9b927b9e</tstamps>
    </comp>
    <comp ref="D7">
      <value>UF4007</value>
      <footprint>Diode_THT:D_5KP_P10.16mm_Horizontal</footprint>
      <datasheet>https://www.diodes.com/assets/Datasheets/ds30396.pdf</datasheet>
      <description>75V 0.15A Fast switching Diode, SOD-523</description>
      <fields>
        <field name="Sim.Device">D</field>
        <field name="Sim.Pins">1=K 2=A</field>
        <field name="Footprint">Diode_THT:D_5KP_P10.16mm_Horizontal</field>
        <field name="Datasheet">https://www.diodes.com/assets/Datasheets/ds30396.pdf</field>
        <field name="Description">75V 0.15A Fast switching Diode, SOD-523</field>
      </fields>
      <libsource lib="Diode" part="1N4148WT" description="75V 0.15A Fast switching Diode, SOD-523"/>
      <property name="Sim.Device" value="D"/>
      <property name="Sim.Pins" value="1=K 2=A"/>
      <property name="Sheetname" value="Root"/>
      <property name="Sheetfile" value="esc final2.kicad_sch"/>
      <property name="ki_keywords" value="diode"/>
      <property name="ki_fp_filters" value="D*SOD?523*"/>
      <sheetpath names="/" tstamps="/"/>
      <tstamps>61ff8266-4e51-4478-9cfd-510de11dcbad</tstamps>
    </comp>
    <comp ref="D8">
      <value>UF4007</value>
      <footprint>Diode_THT:D_5KP_P10.16mm_Horizontal</footprint>
      <datasheet>https://www.diodes.com/assets/Datasheets/ds30396.pdf</datasheet>
      <description>75V 0.15A Fast switching Diode, SOD-523</description>
      <fields>
        <field name="Sim.Device">D</field>
        <field name="Sim.Pins">1=K 2=A</field>
        <field name="Footprint">Diode_THT:D_5KP_P10.16mm_Horizontal</field>
        <field name="Datasheet">https://www.diodes.com/assets/Datasheets/ds30396.pdf</field>
        <field name="Description">75V 0.15A Fast switching Diode, SOD-523</field>
      </fields>
      <libsource lib="Diode" part="1N4148WT" description="75V 0.15A Fast switching Diode, SOD-523"/>
      <property name="Sim.Device" value="D"/>
      <property name="Sim.Pins" value="1=K 2=A"/>
      <property name="Sheetname" value="Root"/>
      <property name="Sheetfile" value="esc final2.kicad_sch"/>
      <property name="ki_keywords" value="diode"/>
      <property name="ki_fp_filters" value="D*SOD?523*"/>
      <sheetpath names="/" tstamps="/"/>
      <tstamps>8631dbda-68a7-4c4f-9a68-2437d0abfdcc</tstamps>
    </comp>
    <comp ref="D9">
      <value>UF4007</value>
      <footprint>Diode_THT:D_5KP_P10.16mm_Horizontal</footprint>
      <datasheet>https://www.diodes.com/assets/Datasheets/ds30396.pdf</datasheet>
      <description>75V 0.15A Fast switching Diode, SOD-523</description>
      <fields>
        <field name="Sim.Device">D</field>
        <field name="Sim.Pins">1=K 2=A</field>
        <field name="Footprint">Diode_THT:D_5KP_P10.16mm_Horizontal</field>
        <field name="Datasheet">https://www.diodes.com/assets/Datasheets/ds30396.pdf</field>
        <field name="Description">75V 0.15A Fast switching Diode, SOD-523</field>
      </fields>
      <libsource lib="Diode" part="1N4148WT" description="75V 0.15A Fast switching Diode, SOD-523"/>
      <property name="Sim.Device" value="D"/>
      <property name="Sim.Pins" value="1=K 2=A"/>
      <property name="Sheetname" value="Root"/>
      <property name="Sheetfile" value="esc final2.kicad_sch"/>
      <property name="ki_keywords" value="diode"/>
      <property name="ki_fp_filters" value="D*SOD?523*"/>
      <sheetpath names="/" tstamps="/"/>
      <tstamps>2bccaa50-41ad-4ca4-9488-20d29dd32bf1</tstamps>
    </comp>
    <comp ref="GND1">
      <value>Conn_01x01_Pin</value>
      <footprint>TestPoint:TestPoint_Pad_4.0x4.0mm</footprint>
      <description>Generic connector, single row, 01x01, script generated</description>
      <fields>
        <field name="Footprint">TestPoint:TestPoint_Pad_4.0x4.0mm</field>
        <field name="Datasheet"/>
        <field name="Description">Generic connector, single row, 01x01, script generated</field>
      </fields>
      <libsource lib="Connector" part="Conn_01x01_Pin" description="Generic connector, single row, 01x01, script generated"/>
      <property name="Sheetname" value="Root"/>
      <property name="Sheetfile" value="esc final2.kicad_sch"/>
      <property name="ki_keywords" value="connector"/>
      <property name="ki_fp_filters" value="Connector*:*_1x??_*"/>
      <sheetpath names="/" tstamps="/"/>
      <tstamps>1388039b-1027-4824-92da-e550e33d5a07</tstamps>
    </comp>
    <comp ref="J1">
      <value>Conn_01x01_Pin</value>
      <footprint>TestPoint:TestPoint_THTPad_D2.0mm_Drill1.0mm</footprint>
      <description>Generic connector, single row, 01x01, script generated</description>
      <fields>
        <field name="Footprint">TestPoint:TestPoint_THTPad_D2.0mm_Drill1.0mm</field>
        <field name="Datasheet"/>
        <field name="Description">Generic connector, single row, 01x01, script generated</field>
      </fields>
      <libsource lib="Connector" part="Conn_01x01_Pin" description="Generic connector, single row, 01x01, script generated"/>
      <property name="Sheetname" value="Root"/>
      <property name="Sheetfile" value="esc final2.kicad_sch"/>
      <property name="ki_keywords" value="connector"/>
      <property name="ki_fp_filters" value="Connector*:*_1x??_*"/>
      <sheetpath names="/" tstamps="/"/>
      <tstamps>646e2ac5-7d16-4256-ad9d-65c0e6f0a5d3</tstamps>
    </comp>
    <comp ref="J2">
      <value>Conn_01x01_Pin</value>
      <footprint>TestPoint:TestPoint_THTPad_D2.0mm_Drill1.0mm</footprint>
      <description>Generic connector, single row, 01x01, script generated</description>
      <fields>
        <field name="Footprint">TestPoint:TestPoint_THTPad_D2.0mm_Drill1.0mm</field>
        <field name="Datasheet"/>
        <field name="Description">Generic connector, single row, 01x01, script generated</field>
      </fields>
      <libsource lib="Connector" part="Conn_01x01_Pin" description="Generic connector, single row, 01x01, script generated"/>
      <property name="Sheetname" value="Root"/>
      <property name="Sheetfile" value="esc final2.kicad_sch"/>
      <property name="ki_keywords" value="connector"/>
      <property name="ki_fp_filters" value="Connector*:*_1x??_*"/>
      <sheetpath names="/" tstamps="/"/>
      <tstamps>1f79315f-fb3d-4b17-a254-74861dc81fb4</tstamps>
    </comp>
    <comp ref="J3">
      <value>Conn_01x01_Pin</value>
      <footprint>TestPoint:TestPoint_THTPad_D2.0mm_Drill1.0mm</footprint>
      <description>Generic connector, single row, 01x01, script generated</description>
      <fields>
        <field name="Footprint">TestPoint:TestPoint_THTPad_D2.0mm_Drill1.0mm</field>
        <field name="Datasheet"/>
        <field name="Description">Generic connector, single row, 01x01, script generated</field>
      </fields>
      <libsource lib="Connector" part="Conn_01x01_Pin" description="Generic connector, single row, 01x01, script generated"/>
      <property name="Sheetname" value="Root"/>
      <property name="Sheetfile" value="esc final2.kicad_sch"/>
      <property name="ki_keywords" value="connector"/>
      <property name="ki_fp_filters" value="Connector*:*_1x??_*"/>
      <sheetpath names="/" tstamps="/"/>
      <tstamps>18bc2891-1abb-484c-9e59-d7bf151f4d4d</tstamps>
    </comp>
    <comp ref="J4">
      <value>Conn_01x01_Pin</value>
      <footprint>TestPoint:TestPoint_THTPad_D2.0mm_Drill1.0mm</footprint>
      <description>Generic connector, single row, 01x01, script generated</description>
      <fields>
        <field name="Footprint">TestPoint:TestPoint_THTPad_D2.0mm_Drill1.0mm</field>
        <field name="Datasheet"/>
        <field name="Description">Generic connector, single row, 01x01, script generated</field>
      </fields>
      <libsource lib="Connector" part="Conn_01x01_Pin" description="Generic connector, single row, 01x01, script generated"/>
      <property name="Sheetname" value="Root"/>
      <property name="Sheetfile" value="esc final2.kicad_sch"/>
      <property name="ki_keywords" value="connector"/>
      <property name="ki_fp_filters" value="Connector*:*_1x??_*"/>
      <sheetpath names="/" tstamps="/"/>
      <tstamps>e7d55c9c-b393-41b8-921f-9f0db79fe4cf</tstamps>
    </comp>
    <comp ref="J5">
      <value>Conn_01x01_Pin</value>
      <footprint>TestPoint:TestPoint_THTPad_D2.0mm_Drill1.0mm</footprint>
      <description>Generic connector, single row, 01x01, script generated</description>
      <fields>
        <field name="Footprint">TestPoint:TestPoint_THTPad_D2.0mm_Drill1.0mm</field>
        <field name="Datasheet"/>
        <field name="Description">Generic connector, single row, 01x01, script generated</field>
      </fields>
      <libsource lib="Connector" part="Conn_01x01_Pin" description="Generic connector, single row, 01x01, script generated"/>
      <property name="Sheetname" value="Root"/>
      <property name="Sheetfile" value="esc final2.kicad_sch"/>
      <property name="ki_keywords" value="connector"/>
      <property name="ki_fp_filters" value="Connector*:*_1x??_*"/>
      <sheetpath names="/" tstamps="/"/>
      <tstamps>a5bc2ba1-d39a-4a2d-ae01-17213fc5660d</tstamps>
    </comp>
    <comp ref="J6">
      <value>Conn_01x01_Pin</value>
      <footprint>TestPoint:TestPoint_THTPad_D2.0mm_Drill1.0mm</footprint>
      <description>Generic connector, single row, 01x01, script generated</description>
      <fields>
        <field name="Footprint">TestPoint:TestPoint_THTPad_D2.0mm_Drill1.0mm</field>
        <field name="Datasheet"/>
        <field name="Description">Generic connector, single row, 01x01, script generated</field>
      </fields>
      <libsource lib="Connector" part="Conn_01x01_Pin" description="Generic connector, single row, 01x01, script generated"/>
      <property name="Sheetname" value="Root"/>
      <property name="Sheetfile" value="esc final2.kicad_sch"/>
      <property name="ki_keywords" value="connector"/>
      <property name="ki_fp_filters" value="Connector*:*_1x??_*"/>
      <sheetpath names="/" tstamps="/"/>
      <tstamps>55fb2dbc-a781-452d-9d8e-14d41c213e78</tstamps>
    </comp>
    <comp ref="J7">
      <value>Conn_01x01_Pin</value>
      <footprint>TestPoint:TestPoint_THTPad_D2.0mm_Drill1.0mm</footprint>
      <description>Generic connector, single row, 01x01, script generated</description>
      <fields>
        <field name="Footprint">TestPoint:TestPoint_THTPad_D2.0mm_Drill1.0mm</field>
        <field name="Datasheet"/>
        <field name="Description">Generic connector, single row, 01x01, script generated</field>
      </fields>
      <libsource lib="Connector" part="Conn_01x01_Pin" description="Generic connector, single row, 01x01, script generated"/>
      <property name="Sheetname" value="Root"/>
      <property name="Sheetfile" value="esc final2.kicad_sch"/>
      <property name="ki_keywords" value="connector"/>
      <property name="ki_fp_filters" value="Connector*:*_1x??_*"/>
      <sheetpath names="/" tstamps="/"/>
      <tstamps>515682bd-e157-4270-b17e-c544a8953488</tstamps>
    </comp>
    <comp ref="PHASEA1">
      <value>Conn_01x01_Pin</value>
      <footprint>TestPoint:TestPoint_Pad_4.0x4.0mm</footprint>
      <description>Generic connector, single row, 01x01, script generated</description>
      <fields>
        <field name="Footprint">TestPoint:TestPoint_Pad_4.0x4.0mm</field>
        <field name="Datasheet"/>
        <field name="Description">Generic connector, single row, 01x01, script generated</field>
      </fields>
      <libsource lib="Connector" part="Conn_01x01_Pin" description="Generic connector, single row, 01x01, script generated"/>
      <property name="Sheetname" value="Root"/>
      <property name="Sheetfile" value="esc final2.kicad_sch"/>
      <property name="ki_keywords" value="connector"/>
      <property name="ki_fp_filters" value="Connector*:*_1x??_*"/>
      <sheetpath names="/" tstamps="/"/>
      <tstamps>6cbc7e3e-6f6f-4f5c-93fe-f016a812cb3c</tstamps>
    </comp>
    <comp ref="PHASEB1">
      <value>Conn_01x01_Pin</value>
      <footprint>TestPoint:TestPoint_Pad_4.0x4.0mm</footprint>
      <description>Generic connector, single row, 01x01, script generated</description>
      <fields>
        <field name="Footprint">TestPoint:TestPoint_Pad_4.0x4.0mm</field>
        <field name="Datasheet"/>
        <field name="Description">Generic connector, single row, 01x01, script generated</field>
      </fields>
      <libsource lib="Connector" part="Conn_01x01_Pin" description="Generic connector, single row, 01x01, script generated"/>
      <property name="Sheetname" value="Root"/>
      <property name="Sheetfile" value="esc final2.kicad_sch"/>
      <property name="ki_keywords" value="connector"/>
      <property name="ki_fp_filters" value="Connector*:*_1x??_*"/>
      <sheetpath names="/" tstamps="/"/>
      <tstamps>84e9e905-73e0-45ab-9efd-c5e4bd1f0cbb</tstamps>
    </comp>
    <comp ref="PHASEC1">
      <value>Conn_01x01_Pin</value>
      <footprint>TestPoint:TestPoint_Pad_4.0x4.0mm</footprint>
      <description>Generic connector, single row, 01x01, script generated</description>
      <fields>
        <field name="Footprint">TestPoint:TestPoint_Pad_4.0x4.0mm</field>
        <field name="Datasheet"/>
        <field name="Description">Generic connector, single row, 01x01, script generated</field>
      </fields>
      <libsource lib="Connector" part="Conn_01x01_Pin" description="Generic connector, single row, 01x01, script generated"/>
      <property name="Sheetname" value="Root"/>
      <property name="Sheetfile" value="esc final2.kicad_sch"/>
      <property name="ki_keywords" value="connector"/>
      <property name="ki_fp_filters" value="Connector*:*_1x??_*"/>
      <sheetpath names="/" tstamps="/"/>
      <tstamps>2ce09c91-9746-46ae-9ef3-79fbd350bebc</tstamps>
    </comp>
    <comp ref="Q1">
      <value>IRF3205</value>
      <footprint>Package_TO_SOT_THT:TO-220-3_Vertical</footprint>
      <datasheet>http://www.irf.com/product-info/datasheets/data/irf3205.pdf</datasheet>
      <description>110A Id, 55V Vds, Single N-Channel HEXFET Power MOSFET, 8mOhm Ron, TO-220AB</description>
      <fields>
        <field name="Footprint">Package_TO_SOT_THT:TO-220-3_Vertical</field>
        <field name="Datasheet">http://www.irf.com/product-info/datasheets/data/irf3205.pdf</field>
        <field name="Description">110A Id, 55V Vds, Single N-Channel HEXFET Power MOSFET, 8mOhm Ron, TO-220AB</field>
      </fields>
      <libsource lib="Transistor_FET" part="IRF3205" description="110A Id, 55V Vds, Single N-Channel HEXFET Power MOSFET, 8mOhm Ron, TO-220AB"/>
      <property name="Sheetname" value="Root"/>
      <property name="Sheetfile" value="esc final2.kicad_sch"/>
      <property name="ki_keywords" value="Single N-Channel HEXFET Power MOSFET"/>
      <property name="ki_fp_filters" value="TO?220*"/>
      <sheetpath names="/" tstamps="/"/>
      <tstamps>0e996f71-bdc6-4da8-8531-886f6978e603</tstamps>
    </comp>
    <comp ref="Q2">
      <value>IRF3205</value>
      <footprint>Package_TO_SOT_THT:TO-220-3_Vertical</footprint>
      <datasheet>http://www.irf.com/product-info/datasheets/data/irf3205.pdf</datasheet>
      <description>110A Id, 55V Vds, Single N-Channel HEXFET Power MOSFET, 8mOhm Ron, TO-220AB</description>
      <fields>
        <field name="Footprint">Package_TO_SOT_THT:TO-220-3_Vertical</field>
        <field name="Datasheet">http://www.irf.com/product-info/datasheets/data/irf3205.pdf</field>
        <field name="Description">110A Id, 55V Vds, Single N-Channel HEXFET Power MOSFET, 8mOhm Ron, TO-220AB</field>
      </fields>
      <libsource lib="Transistor_FET" part="IRF3205" description="110A Id, 55V Vds, Single N-Channel HEXFET Power MOSFET, 8mOhm Ron, TO-220AB"/>
      <property name="Sheetname" value="Root"/>
      <property name="Sheetfile" value="esc final2.kicad_sch"/>
      <property name="ki_keywords" value="Single N-Channel HEXFET Power MOSFET"/>
      <property name="ki_fp_filters" value="TO?220*"/>
      <sheetpath names="/" tstamps="/"/>
      <tstamps>ea874650-9c41-4461-91e7-8b18fbad592e</tstamps>
    </comp>
    <comp ref="Q3">
      <value>IRF3205</value>
      <footprint>Package_TO_SOT_THT:TO-220-3_Vertical</footprint>
      <datasheet>http://www.irf.com/product-info/datasheets/data/irf3205.pdf</datasheet>
      <description>110A Id, 55V Vds, Single N-Channel HEXFET Power MOSFET, 8mOhm Ron, TO-220AB</description>
      <fields>
        <field name="Footprint">Package_TO_SOT_THT:TO-220-3_Vertical</field>
        <field name="Datasheet">http://www.irf.com/product-info/datasheets/data/irf3205.pdf</field>
        <field name="Description">110A Id, 55V Vds, Single N-Channel HEXFET Power MOSFET, 8mOhm Ron, TO-220AB</field>
      </fields>
      <libsource lib="Transistor_FET" part="IRF3205" description="110A Id, 55V Vds, Single N-Channel HEXFET Power MOSFET, 8mOhm Ron, TO-220AB"/>
      <property name="Sheetname" value="Root"/>
      <property name="Sheetfile" value="esc final2.kicad_sch"/>
      <property name="ki_keywords" value="Single N-Channel HEXFET Power MOSFET"/>
      <property name="ki_fp_filters" value="TO?220*"/>
      <sheetpath names="/" tstamps="/"/>
      <tstamps>0c1a51bf-9caf-4428-971d-3f3c20adb294</tstamps>
    </comp>
    <comp ref="Q4">
      <value>IRF3205</value>
      <footprint>Package_TO_SOT_THT:TO-220-3_Vertical</footprint>
      <datasheet>http://www.irf.com/product-info/datasheets/data/irf3205.pdf</datasheet>
      <description>110A Id, 55V Vds, Single N-Channel HEXFET Power MOSFET, 8mOhm Ron, TO-220AB</description>
      <fields>
        <field name="Footprint">Package_TO_SOT_THT:TO-220-3_Vertical</field>
        <field name="Datasheet">http://www.irf.com/product-info/datasheets/data/irf3205.pdf</field>
        <field name="Description">110A Id, 55V Vds, Single N-Channel HEXFET Power MOSFET, 8mOhm Ron, TO-220AB</field>
      </fields>
      <libsource lib="Transistor_FET" part="IRF3205" description="110A Id, 55V Vds, Single N-Channel HEXFET Power MOSFET, 8mOhm Ron, TO-220AB"/>
      <property name="Sheetname" value="Root"/>
      <property name="Sheetfile" value="esc final2.kicad_sch"/>
      <property name="ki_keywords" value="Single N-Channel HEXFET Power MOSFET"/>
      <property name="ki_fp_filters" value="TO?220*"/>
      <sheetpath names="/" tstamps="/"/>
      <tstamps>782e481f-1dad-4f2f-ad2d-5fd57a3389f1</tstamps>
    </comp>
    <comp ref="Q5">
      <value>IRF3205</value>
      <footprint>Package_TO_SOT_THT:TO-220-3_Vertical</footprint>
      <datasheet>http://www.irf.com/product-info/datasheets/data/irf3205.pdf</datasheet>
      <description>110A Id, 55V Vds, Single N-Channel HEXFET Power MOSFET, 8mOhm Ron, TO-220AB</description>
      <fields>
        <field name="Footprint">Package_TO_SOT_THT:TO-220-3_Vertical</field>
        <field name="Datasheet">http://www.irf.com/product-info/datasheets/data/irf3205.pdf</field>
        <field name="Description">110A Id, 55V Vds, Single N-Channel HEXFET Power MOSFET, 8mOhm Ron, TO-220AB</field>
      </fields>
      <libsource lib="Transistor_FET" part="IRF3205" description="110A Id, 55V Vds, Single N-Channel HEXFET Power MOSFET, 8mOhm Ron, TO-220AB"/>
      <property name="Sheetname" value="Root"/>
      <property name="Sheetfile" value="esc final2.kicad_sch"/>
      <property name="ki_keywords" value="Single N-Channel HEXFET Power MOSFET"/>
      <property name="ki_fp_filters" value="TO?220*"/>
      <sheetpath names="/" tstamps="/"/>
      <tstamps>be8eafd3-2114-4cf0-a901-6fbd7d6e735d</tstamps>
    </comp>
    <comp ref="Q6">
      <value>IRF3205</value>
      <footprint>Package_TO_SOT_THT:TO-220-3_Vertical</footprint>
      <datasheet>http://www.irf.com/product-info/datasheets/data/irf3205.pdf</datasheet>
      <description>110A Id, 55V Vds, Single N-Channel HEXFET Power MOSFET, 8mOhm Ron, TO-220AB</description>
      <fields>
        <field name="Footprint">Package_TO_SOT_THT:TO-220-3_Vertical</field>
        <field name="Datasheet">http://www.irf.com/product-info/datasheets/data/irf3205.pdf</field>
        <field name="Description">110A Id, 55V Vds, Single N-Channel HEXFET Power MOSFET, 8mOhm Ron, TO-220AB</field>
      </fields>
      <libsource lib="Transistor_FET" part="IRF3205" description="110A Id, 55V Vds, Single N-Channel HEXFET Power MOSFET, 8mOhm Ron, TO-220AB"/>
      <property name="Sheetname" value="Root"/>
      <property name="Sheetfile" value="esc final2.kicad_sch"/>
      <property name="ki_keywords" value="Single N-Channel HEXFET Power MOSFET"/>
      <property name="ki_fp_filters" value="TO?220*"/>
      <sheetpath names="/" tstamps="/"/>
      <tstamps>5ac078de-f25f-4812-be67-da30074d1894</tstamps>
    </comp>
    <comp ref="R1">
      <value>10ohm</value>
      <footprint>Resistor_THT:R_Axial_DIN0207_L6.3mm_D2.5mm_P10.16mm_Horizontal</footprint>
      <description>Resistor, US symbol</description>
      <fields>
        <field name="Footprint">Resistor_THT:R_Axial_DIN0207_L6.3mm_D2.5mm_P10.16mm_Horizontal</field>
        <field name="Datasheet"/>
        <field name="Description">Resistor, US symbol</field>
      </fields>
      <libsource lib="Device" part="R_US" description="Resistor, US symbol"/>
      <property name="Sheetname" value="Root"/>
      <property name="Sheetfile" value="esc final2.kicad_sch"/>
      <property name="ki_keywords" value="R res resistor"/>
      <property name="ki_fp_filters" value="R_*"/>
      <sheetpath names="/" tstamps="/"/>
      <tstamps>218dd240-b4ff-4002-8d0e-672a4034cdac</tstamps>
    </comp>
    <comp ref="R2">
      <value>10ohm</value>
      <footprint>Resistor_THT:R_Axial_DIN0207_L6.3mm_D2.5mm_P10.16mm_Horizontal</footprint>
      <description>Resistor, US symbol</description>
      <fields>
        <field name="Footprint">Resistor_THT:R_Axial_DIN0207_L6.3mm_D2.5mm_P10.16mm_Horizontal</field>
        <field name="Datasheet"/>
        <field name="Description">Resistor, US symbol</field>
      </fields>
      <libsource lib="Device" part="R_US" description="Resistor, US symbol"/>
      <property name="Sheetname" value="Root"/>
      <property name="Sheetfile" value="esc final2.kicad_sch"/>
      <property name="ki_keywords" value="R res resistor"/>
      <property name="ki_fp_filters" value="R_*"/>
      <sheetpath names="/" tstamps="/"/>
      <tstamps>56bbdce6-bef4-4d3b-bb35-c64965a42a85</tstamps>
    </comp>
    <comp ref="R3">
      <value>10ohm</value>
      <footprint>Resistor_THT:R_Axial_DIN0207_L6.3mm_D2.5mm_P10.16mm_Horizontal</footprint>
      <description>Resistor, US symbol</description>
      <fields>
        <field name="Footprint">Resistor_THT:R_Axial_DIN0207_L6.3mm_D2.5mm_P10.16mm_Horizontal</field>
        <field name="Datasheet"/>
        <field name="Description">Resistor, US symbol</field>
      </fields>
      <libsource lib="Device" part="R_US" description="Resistor, US symbol"/>
      <property name="Sheetname" value="Root"/>
      <property name="Sheetfile" value="esc final2.kicad_sch"/>
      <property name="ki_keywords" value="R res resistor"/>
      <property name="ki_fp_filters" value="R_*"/>
      <sheetpath names="/" tstamps="/"/>
      <tstamps>3ac7bcd6-7e4a-440b-8b52-b9bf1b673bfd</tstamps>
    </comp>
    <comp ref="R4">
      <value>10ohm</value>
      <footprint>Resistor_THT:R_Axial_DIN0207_L6.3mm_D2.5mm_P10.16mm_Horizontal</footprint>
      <description>Resistor, US symbol</description>
      <fields>
        <field name="Footprint">Resistor_THT:R_Axial_DIN0207_L6.3mm_D2.5mm_P10.16mm_Horizontal</field>
        <field name="Datasheet"/>
        <field name="Description">Resistor, US symbol</field>
      </fields>
      <libsource lib="Device" part="R_US" description="Resistor, US symbol"/>
      <property name="Sheetname" value="Root"/>
      <property name="Sheetfile" value="esc final2.kicad_sch"/>
      <property name="ki_keywords" value="R res resistor"/>
      <property name="ki_fp_filters" value="R_*"/>
      <sheetpath names="/" tstamps="/"/>
      <tstamps>16a517c9-486a-4193-a0fa-332dec1d2d4b</tstamps>
    </comp>
    <comp ref="R5">
      <value>10ohm</value>
      <footprint>Resistor_THT:R_Axial_DIN0207_L6.3mm_D2.5mm_P10.16mm_Horizontal</footprint>
      <description>Resistor, US symbol</description>
      <fields>
        <field name="Footprint">Resistor_THT:R_Axial_DIN0207_L6.3mm_D2.5mm_P10.16mm_Horizontal</field>
        <field name="Datasheet"/>
        <field name="Description">Resistor, US symbol</field>
      </fields>
      <libsource lib="Device" part="R_US" description="Resistor, US symbol"/>
      <property name="Sheetname" value="Root"/>
      <property name="Sheetfile" value="esc final2.kicad_sch"/>
      <property name="ki_keywords" value="R res resistor"/>
      <property name="ki_fp_filters" value="R_*"/>
      <sheetpath names="/" tstamps="/"/>
      <tstamps>a33e6f3e-ece4-45f3-951d-bc722df818d2</tstamps>
    </comp>
    <comp ref="R6">
      <value>10ohm</value>
      <footprint>Resistor_THT:R_Axial_DIN0207_L6.3mm_D2.5mm_P10.16mm_Horizontal</footprint>
      <description>Resistor, US symbol</description>
      <fields>
        <field name="Footprint">Resistor_THT:R_Axial_DIN0207_L6.3mm_D2.5mm_P10.16mm_Horizontal</field>
        <field name="Datasheet"/>
        <field name="Description">Resistor, US symbol</field>
      </fields>
      <libsource lib="Device" part="R_US" description="Resistor, US symbol"/>
      <property name="Sheetname" value="Root"/>
      <property name="Sheetfile" value="esc final2.kicad_sch"/>
      <property name="ki_keywords" value="R res resistor"/>
      <property name="ki_fp_filters" value="R_*"/>
      <sheetpath names="/" tstamps="/"/>
      <tstamps>05282c35-c4e8-4239-875d-89f8be91b1fa</tstamps>
    </comp>
    <comp ref="R7">
      <value>1K</value>
      <footprint>Resistor_THT:R_Axial_DIN0207_L6.3mm_D2.5mm_P10.16mm_Horizontal</footprint>
      <description>Resistor, US symbol</description>
      <fields>
        <field name="Footprint">Resistor_THT:R_Axial_DIN0207_L6.3mm_D2.5mm_P10.16mm_Horizontal</field>
        <field name="Datasheet"/>
        <field name="Description">Resistor, US symbol</field>
      </fields>
      <libsource lib="Device" part="R_US" description="Resistor, US symbol"/>
      <property name="Sheetname" value="Root"/>
      <property name="Sheetfile" value="esc final2.kicad_sch"/>
      <property name="ki_keywords" value="R res resistor"/>
      <property name="ki_fp_filters" value="R_*"/>
      <sheetpath names="/" tstamps="/"/>
      <tstamps>13849b34-586d-4605-b45d-5915b77ed6b5</tstamps>
    </comp>
    <comp ref="R8">
      <value>1K</value>
      <footprint>Resistor_THT:R_Axial_DIN0207_L6.3mm_D2.5mm_P10.16mm_Horizontal</footprint>
      <description>Resistor, US symbol</description>
      <fields>
        <field name="Footprint">Resistor_THT:R_Axial_DIN0207_L6.3mm_D2.5mm_P10.16mm_Horizontal</field>
        <field name="Datasheet"/>
        <field name="Description">Resistor, US symbol</field>
      </fields>
      <libsource lib="Device" part="R_US" description="Resistor, US symbol"/>
      <property name="Sheetname" value="Root"/>
      <property name="Sheetfile" value="esc final2.kicad_sch"/>
      <property name="ki_keywords" value="R res resistor"/>
      <property name="ki_fp_filters" value="R_*"/>
      <sheetpath names="/" tstamps="/"/>
      <tstamps>8bcd72cd-fda2-46a9-adbb-83ce258a3be9</tstamps>
    </comp>
    <comp ref="R9">
      <value>1K</value>
      <footprint>Resistor_THT:R_Axial_DIN0207_L6.3mm_D2.5mm_P10.16mm_Horizontal</footprint>
      <description>Resistor, US symbol</description>
      <fields>
        <field name="Footprint">Resistor_THT:R_Axial_DIN0207_L6.3mm_D2.5mm_P10.16mm_Horizontal</field>
        <field name="Datasheet"/>
        <field name="Description">Resistor, US symbol</field>
      </fields>
      <libsource lib="Device" part="R_US" description="Resistor, US symbol"/>
      <property name="Sheetname" value="Root"/>
      <property name="Sheetfile" value="esc final2.kicad_sch"/>
      <property name="ki_keywords" value="R res resistor"/>
      <property name="ki_fp_filters" value="R_*"/>
      <sheetpath names="/" tstamps="/"/>
      <tstamps>0d48ff2e-9e9e-4456-a284-419a604982ec</tstamps>
    </comp>
    <comp ref="R10">
      <value>1K</value>
      <footprint>Resistor_THT:R_Axial_DIN0207_L6.3mm_D2.5mm_P10.16mm_Horizontal</footprint>
      <description>Resistor, US symbol</description>
      <fields>
        <field name="Footprint">Resistor_THT:R_Axial_DIN0207_L6.3mm_D2.5mm_P10.16mm_Horizontal</field>
        <field name="Datasheet"/>
        <field name="Description">Resistor, US symbol</field>
      </fields>
      <libsource lib="Device" part="R_US" description="Resistor, US symbol"/>
      <property name="Sheetname" value="Root"/>
      <property name="Sheetfile" value="esc final2.kicad_sch"/>
      <property name="ki_keywords" value="R res resistor"/>
      <property name="ki_fp_filters" value="R_*"/>
      <sheetpath names="/" tstamps="/"/>
      <tstamps>0f966ffa-9110-4b25-bd68-00ffc5f9ca0c</tstamps>
    </comp>
    <comp ref="R11">
      <value>1K</value>
      <footprint>Resistor_THT:R_Axial_DIN0207_L6.3mm_D2.5mm_P10.16mm_Horizontal</footprint>
      <description>Resistor, US symbol</description>
      <fields>
        <field name="Footprint">Resistor_THT:R_Axial_DIN0207_L6.3mm_D2.5mm_P10.16mm_Horizontal</field>
        <field name="Datasheet"/>
        <field name="Description">Resistor, US symbol</field>
      </fields>
      <libsource lib="Device" part="R_US" description="Resistor, US symbol"/>
      <property name="Sheetname" value="Root"/>
      <property name="Sheetfile" value="esc final2.kicad_sch"/>
      <property name="ki_keywords" value="R res resistor"/>
      <property name="ki_fp_filters" value="R_*"/>
      <sheetpath names="/" tstamps="/"/>
      <tstamps>acd8d9fa-9089-4a26-ae3a-7b844eaecc86</tstamps>
    </comp>
    <comp ref="R12">
      <value>1K</value>
      <footprint>Resistor_THT:R_Axial_DIN0207_L6.3mm_D2.5mm_P10.16mm_Horizontal</footprint>
      <description>Resistor, US symbol</description>
      <fields>
        <field name="Footprint">Resistor_THT:R_Axial_DIN0207_L6.3mm_D2.5mm_P10.16mm_Horizontal</field>
        <field name="Datasheet"/>
        <field name="Description">Resistor, US symbol</field>
      </fields>
      <libsource lib="Device" part="R_US" description="Resistor, US symbol"/>
      <property name="Sheetname" value="Root"/>
      <property name="Sheetfile" value="esc final2.kicad_sch"/>
      <property name="ki_keywords" value="R res resistor"/>
      <property name="ki_fp_filters" value="R_*"/>
      <sheetpath names="/" tstamps="/"/>
      <tstamps>26de8176-806e-4ab2-9a39-eea48e7acea6</tstamps>
    </comp>
    <comp ref="U1">
      <value>IR2110</value>
      <footprint>Package_DIP:DIP-14_W7.62mm</footprint>
      <datasheet>https://www.infineon.com/dgdl/ir2110.pdf?fileId=5546d462533600a4015355c80333167e</datasheet>
      <description>High and Low Side Driver, 500V, 2.0/2.0A, PDIP-14</description>
      <fields>
        <field name="Footprint">Package_DIP:DIP-14_W7.62mm</field>
        <field name="Datasheet">https://www.infineon.com/dgdl/ir2110.pdf?fileId=5546d462533600a4015355c80333167e</field>
        <field name="Description">High and Low Side Driver, 500V, 2.0/2.0A, PDIP-14</field>
      </fields>
      <libsource lib="Driver_FET" part="IR2110" description="High and Low Side Driver, 500V, 2.0/2.0A, PDIP-14"/>
      <property name="Sheetname" value="Root"/>
      <property name="Sheetfile" value="esc final2.kicad_sch"/>
      <property name="ki_keywords" value="Gate Driver"/>
      <property name="ki_fp_filters" value="DIP*W7.62mm*"/>
      <sheetpath names="/" tstamps="/"/>
      <tstamps>7dbd60d2-78ae-4590-8371-3342ff0e8e86</tstamps>
    </comp>
    <comp ref="U2">
      <value>IR2110</value>
      <footprint>Package_DIP:DIP-14_W7.62mm</footprint>
      <datasheet>https://www.infineon.com/dgdl/ir2110.pdf?fileId=5546d462533600a4015355c80333167e</datasheet>
      <description>High and Low Side Driver, 500V, 2.0/2.0A, PDIP-14</description>
      <fields>
        <field name="Footprint">Package_DIP:DIP-14_W7.62mm</field>
        <field name="Datasheet">https://www.infineon.com/dgdl/ir2110.pdf?fileId=5546d462533600a4015355c80333167e</field>
        <field name="Description">High and Low Side Driver, 500V, 2.0/2.0A, PDIP-14</field>
      </fields>
      <libsource lib="Driver_FET" part="IR2110" description="High and Low Side Driver, 500V, 2.0/2.0A, PDIP-14"/>
      <property name="Sheetname" value="Root"/>
      <property name="Sheetfile" value="esc final2.kicad_sch"/>
      <property name="ki_keywords" value="Gate Driver"/>
      <property name="ki_fp_filters" value="DIP*W7.62mm*"/>
      <sheetpath names="/" tstamps="/"/>
      <tstamps>b8f8ab2a-15ba-4fe2-b2d9-0cef0813cc8d</tstamps>
    </comp>
    <comp ref="U3">
      <value>IR2110</value>
      <footprint>Package_DIP:DIP-14_W7.62mm</footprint>
      <datasheet>https://www.infineon.com/dgdl/ir2110.pdf?fileId=5546d462533600a4015355c80333167e</datasheet>
      <description>High and Low Side Driver, 500V, 2.0/2.0A, PDIP-14</description>
      <fields>
        <field name="Footprint">Package_DIP:DIP-14_W7.62mm</field>
        <field name="Datasheet">https://www.infineon.com/dgdl/ir2110.pdf?fileId=5546d462533600a4015355c80333167e</field>
        <field name="Description">High and Low Side Driver, 500V, 2.0/2.0A, PDIP-14</field>
      </fields>
      <libsource lib="Driver_FET" part="IR2110" description="High and Low Side Driver, 500V, 2.0/2.0A, PDIP-14"/>
      <property name="Sheetname" value="Root"/>
      <property name="Sheetfile" value="esc final2.kicad_sch"/>
      <property name="ki_keywords" value="Gate Driver"/>
      <property name="ki_fp_filters" value="DIP*W7.62mm*"/>
      <sheetpath names="/" tstamps="/"/>
      <tstamps>1a77145a-2839-4989-acbe-a9b0fe6c1571</tstamps>
    </comp>
  </components>
  <libparts>
    <libpart lib="Connector" part="Conn_01x01_Pin">
      <description>Generic connector, single row, 01x01, script generated</description>
      <docs>~</docs>
      <footprints>
        <fp>Connector*:*_1x??_*</fp>
      </footprints>
      <fields>
        <field name="Reference">J</field>
        <field name="Value">Conn_01x01_Pin</field>
        <field name="Footprint"/>
        <field name="Datasheet">~</field>
        <field name="Description">Generic connector, single row, 01x01, script generated</field>
      </fields>
      <pins>
        <pin num="1" name="Pin_1" type="passive"/>
      </pins>
    </libpart>
    <libpart lib="Device" part="C">
      <description>Unpolarized capacitor</description>
      <docs>~</docs>
      <footprints>
        <fp>C_*</fp>
      </footprints>
      <fields>
        <field name="Reference">C</field>
        <field name="Value">C</field>
        <field name="Footprint"/>
        <field name="Datasheet">~</field>
        <field name="Description">Unpolarized capacitor</field>
      </fields>
      <pins>
        <pin num="1" name="" type="passive"/>
        <pin num="2" name="" type="passive"/>
      </pins>
    </libpart>
    <libpart lib="Device" part="C_Polarized">
      <description>Polarized capacitor</description>
      <docs>~</docs>
      <footprints>
        <fp>CP_*</fp>
      </footprints>
      <fields>
        <field name="Reference">C</field>
        <field name="Value">C_Polarized</field>
        <field name="Footprint"/>
        <field name="Datasheet">~</field>
        <field name="Description">Polarized capacitor</field>
      </fields>
      <pins>
        <pin num="1" name="" type="passive"/>
        <pin num="2" name="" type="passive"/>
      </pins>
    </libpart>
    <libpart lib="Device" part="D">
      <description>Diode</description>
      <docs>~</docs>
      <footprints>
        <fp>TO-???*</fp>
        <fp>*_Diode_*</fp>
        <fp>*SingleDiode*</fp>
        <fp>D_*</fp>
      </footprints>
      <fields>
        <field name="Reference">D</field>
        <field name="Value">D</field>
        <field name="Footprint"/>
        <field name="Datasheet">~</field>
        <field name="Description">Diode</field>
        <field name="Sim.Device">D</field>
        <field name="Sim.Pins">1=K 2=A</field>
      </fields>
      <pins>
        <pin num="1" name="K" type="passive"/>
        <pin num="2" name="A" type="passive"/>
      </pins>
    </libpart>
    <libpart lib="Device" part="R_US">
      <description>Resistor, US symbol</description>
      <docs>~</docs>
      <footprints>
        <fp>R_*</fp>
      </footprints>
      <fields>
        <field name="Reference">R</field>
        <field name="Value">R_US</field>
        <field name="Footprint"/>
        <field name="Datasheet">~</field>
        <field name="Description">Resistor, US symbol</field>
      </fields>
      <pins>
        <pin num="1" name="" type="passive"/>
        <pin num="2" name="" type="passive"/>
      </pins>
    </libpart>
    <libpart lib="Diode" part="1N4148WT">
      <description>75V 0.15A Fast switching Diode, SOD-523</description>
      <docs>https://www.diodes.com/assets/Datasheets/ds30396.pdf</docs>
      <footprints>
        <fp>D*SOD?523*</fp>
      </footprints>
      <fields>
        <field name="Reference">D</field>
        <field name="Value">1N4148WT</field>
        <field name="Footprint">Diode_SMD:D_SOD-523</field>
        <field name="Datasheet">https://www.diodes.com/assets/Datasheets/ds30396.pdf</field>
        <field name="Description">75V 0.15A Fast switching Diode, SOD-523</field>
        <field name="Sim.Device">D</field>
        <field name="Sim.Pins">1=K 2=A</field>
      </fields>
      <pins>
        <pin num="1" name="K" type="passive"/>
        <pin num="2" name="A" type="passive"/>
      </pins>
    </libpart>
    <libpart lib="Driver_FET" part="IR2110">
      <description>High and Low Side Driver, 500V, 2.0/2.0A, PDIP-14</description>
      <docs>https://www.infineon.com/dgdl/ir2110.pdf?fileId=5546d462533600a4015355c80333167e</docs>
      <footprints>
        <fp>DIP*W7.62mm*</fp>
      </footprints>
      <fields>
        <field name="Reference">U</field>
        <field name="Value">IR2110</field>
        <field name="Footprint">Package_DIP:DIP-14_W7.62mm</field>
        <field name="Datasheet">https://www.infineon.com/dgdl/ir2110.pdf?fileId=5546d462533600a4015355c80333167e</field>
        <field name="Description">High and Low Side Driver, 500V, 2.0/2.0A, PDIP-14</field>
      </fields>
      <pins>
        <pin num="1" name="LO" type="output"/>
        <pin num="2" name="COM" type="power_in"/>
        <pin num="3" name="VCC" type="power_in"/>
        <pin num="4" name="NC" type="no_connect"/>
        <pin num="5" name="VS" type="passive"/>
        <pin num="6" name="VB" type="passive"/>
        <pin num="7" name="HO" type="output"/>
        <pin num="8" name="NC" type="no_connect"/>
        <pin num="9" name="VDD" type="power_in"/>
        <pin num="10" name="HIN" type="input"/>
        <pin num="11" name="SD" type="input"/>
        <pin num="12" name="LIN" type="input"/>
        <pin num="13" name="VSS" type="power_in"/>
        <pin num="14" name="NC" type="no_connect"/>
      </pins>
    </libpart>
    <libpart lib="Transistor_FET" part="IRF3205">
      <description>110A Id, 55V Vds, Single N-Channel HEXFET Power MOSFET, 8mOhm Ron, TO-220AB</description>
      <docs>http://www.irf.com/product-info/datasheets/data/irf3205.pdf</docs>
      <footprints>
        <fp>TO?220*</fp>
      </footprints>
      <fields>
        <field name="Reference">Q</field>
        <field name="Value">IRF3205</field>
        <field name="Footprint">Package_TO_SOT_THT:TO-220-3_Vertical</field>
        <field name="Datasheet">http://www.irf.com/product-info/datasheets/data/irf3205.pdf</field>
        <field name="Description">110A Id, 55V Vds, Single N-Channel HEXFET Power MOSFET, 8mOhm Ron, TO-220AB</field>
      </fields>
      <pins>
        <pin num="1" name="G" type="input"/>
        <pin num="2" name="D" type="passive"/>
        <pin num="3" name="S" type="passive"/>
      </pins>
    </libpart>
  </libparts>
  <libraries>
    <library logical="Connector">
      <uri>/usr/share/kicad/symbols//Connector.kicad_sym</uri>
    </library>
    <library logical="Device">
      <uri>/usr/share/kicad/symbols//Device.kicad_sym</uri>
    </library>
    <library logical="Diode">
      <uri>/usr/share/kicad/symbols//Diode.kicad_sym</uri>
    </library>
    <library logical="Driver_FET">
      <uri>/usr/share/kicad/symbols//Driver_FET.kicad_sym</uri>
    </library>
    <library logical="Transistor_FET">
      <uri>/usr/share/kicad/symbols//Transistor_FET.kicad_sym</uri>
    </library>
  </libraries>
  <nets>
    <net code="1" name="+5V">
      <node ref="C1" pin="1" pintype="passive"/>
      <node ref="C2" pin="1" pintype="passive"/>
      <node ref="C3" pin="1" pintype="passive"/>
      <node ref="C4" pin="1" pintype="passive"/>
      <node ref="C5" pin="1" pintype="passive"/>
      <node ref="C6" pin="1" pintype="passive"/>
      <node ref="J7" pin="1" pinfunction="Pin_1" pintype="passive"/>
      <node ref="U1" pin="9" pinfunction="VDD" pintype="power_in"/>
      <node ref="U2" pin="9" pinfunction="VDD" pintype="power_in"/>
      <node ref="U3" pin="9" pinfunction="VDD" pintype="power_in"/>
    </net>
    <net code="2" name="+12V">
      <node ref="12V1" pin="1" pinfunction="Pin_1" pintype="passive"/>
      <node ref="D1" pin="2" pinfunction="A" pintype="passive"/>
      <node ref="D2" pin="2" pinfunction="A" pintype="passive"/>
      <node ref="D3" pin="2" pinfunction="A" pintype="passive"/>
      <node ref="Q1" pin="2" pinfunction="D" pintype="passive"/>
      <node ref="Q3" pin="2" pinfunction="D" pintype="passive"/>
      <node ref="Q5" pin="2" pinfunction="D" pintype="passive"/>
      <node ref="U1" pin="3" pinfunction="VCC" pintype="power_in"/>
      <node ref="U2" pin="3" pinfunction="VCC" pintype="power_in"/>
      <node ref="U3" pin="3" pinfunction="VCC" pintype="power_in"/>
    </net>
    <net code="3" name="Earth">
      <node ref="C1" pin="2" pintype="passive"/>
      <node ref="C2" pin="2" pintype="passive"/>
      <node ref="C3" pin="2" pintype="passive"/>
      <node ref="C4" pin="2" pintype="passive"/>
      <node ref="C5" pin="2" pintype="passive"/>
      <node ref="C6" pin="2" pintype="passive"/>
      <node ref="GND1" pin="1" pinfunction="Pin_1" pintype="passive"/>
      <node ref="Q2" pin="3" pinfunction="S" pintype="passive"/>
      <node ref="Q4" pin="3" pinfunction="S" pintype="passive"/>
      <node ref="Q6" pin="3" pinfunction="S" pintype="passive"/>
      <node ref="R10" pin="2" pintype="passive"/>
      <node ref="R11" pin="2" pintype="passive"/>
      <node ref="R12" pin="2" pintype="passive"/>
      <node ref="R7" pin="2" pintype="passive"/>
      <node ref="R8" pin="2" pintype="passive"/>
      <node ref="R9" pin="2" pintype="passive"/>
      <node ref="U1" pin="11" pinfunction="SD" pintype="input"/>
      <node ref="U1" pin="13" pinfunction="VSS" pintype="power_in"/>
      <node ref="U1" pin="2" pinfunction="COM" pintype="power_in"/>
      <node ref="U2" pin="11" pinfunction="SD" pintype="input"/>
      <node ref="U2" pin="13" pinfunction="VSS" pintype="power_in"/>
      <node ref="U2" pin="2" pinfunction="COM" pintype="power_in"/>
      <node ref="U3" pin="11" pinfunction="SD" pintype="input"/>
      <node ref="U3" pin="13" pinfunction="VSS" pintype="power_in"/>
      <node ref="U3" pin="2" pinfunction="COM" pintype="power_in"/>
    </net>
    <net code="4" name="Net-(D1-K)">
      <node ref="C10" pin="1" pintype="passive"/>
      <node ref="C7" pin="1" pintype="passive"/>
      <node ref="D1" pin="1" pinfunction="K" pintype="passive"/>
      <node ref="U1" pin="6" pinfunction="VB" pintype="passive"/>
    </net>
    <net code="5" name="Net-(D2-K)">
      <node ref="C11" pin="1" pintype="passive"/>
      <node ref="C8" pin="1" pintype="passive"/>
      <node ref="D2" pin="1" pinfunction="K" pintype="passive"/>
      <node ref="U2" pin="6" pinfunction="VB" pintype="passive"/>
    </net>
    <net code="6" name="Net-(D3-K)">
      <node ref="C12" pin="1" pintype="passive"/>
      <node ref="C9" pin="1" pintype="passive"/>
      <node ref="D3" pin="1" pinfunction="K" pintype="passive"/>
      <node ref="U3" pin="6" pinfunction="VB" pintype="passive"/>
    </net>
    <net code="7" name="Net-(D4-A)">
      <node ref="D4" pin="2" pinfunction="A" pintype="passive"/>
      <node ref="Q2" pin="1" pinfunction="G" pintype="input"/>
      <node ref="R1" pin="2" pintype="passive"/>
      <node ref="R8" pin="1" pintype="passive"/>
    </net>
    <net code="8" name="Net-(D4-K)">
      <node ref="D4" pin="1" pinfunction="K" pintype="passive"/>
      <node ref="R1" pin="1" pintype="passive"/>
      <node ref="U1" pin="1" pinfunction="LO" pintype="output"/>
    </net>
    <net code="9" name="Net-(D5-A)">
      <node ref="D5" pin="2" pinfunction="A" pintype="passive"/>
      <node ref="Q4" pin="1" pinfunction="G" pintype="input"/>
      <node ref="R10" pin="1" pintype="passive"/>
      <node ref="R2" pin="2" pintype="passive"/>
    </net>
    <net code="10" name="Net-(D5-K)">
      <node ref="D5" pin="1" pinfunction="K" pintype="passive"/>
      <node ref="R2" pin="1" pintype="passive"/>
      <node ref="U2" pin="1" pinfunction="LO" pintype="output"/>
    </net>
    <net code="11" name="Net-(D6-A)">
      <node ref="D6" pin="2" pinfunction="A" pintype="passive"/>
      <node ref="Q6" pin="1" pinfunction="G" pintype="input"/>
      <node ref="R12" pin="1" pintype="passive"/>
      <node ref="R3" pin="2" pintype="passive"/>
    </net>
    <net code="12" name="Net-(D6-K)">
      <node ref="D6" pin="1" pinfunction="K" pintype="passive"/>
      <node ref="R3" pin="1" pintype="passive"/>
      <node ref="U3" pin="1" pinfunction="LO" pintype="output"/>
    </net>
    <net code="13" name="Net-(D7-A)">
      <node ref="D7" pin="2" pinfunction="A" pintype="passive"/>
      <node ref="Q1" pin="1" pinfunction="G" pintype="input"/>
      <node ref="R4" pin="2" pintype="passive"/>
      <node ref="R7" pin="1" pintype="passive"/>
    </net>
    <net code="14" name="Net-(D7-K)">
      <node ref="D7" pin="1" pinfunction="K" pintype="passive"/>
      <node ref="R4" pin="1" pintype="passive"/>
      <node ref="U1" pin="7" pinfunction="HO" pintype="output"/>
    </net>
    <net code="15" name="Net-(D8-A)">
      <node ref="D8" pin="2" pinfunction="A" pintype="passive"/>
      <node ref="Q3" pin="1" pinfunction="G" pintype="input"/>
      <node ref="R5" pin="2" pintype="passive"/>
      <node ref="R9" pin="1" pintype="passive"/>
    </net>
    <net code="16" name="Net-(D8-K)">
      <node ref="D8" pin="1" pinfunction="K" pintype="passive"/>
      <node ref="R5" pin="1" pintype="passive"/>
      <node ref="U2" pin="7" pinfunction="HO" pintype="output"/>
    </net>
    <net code="17" name="Net-(D9-A)">
      <node ref="D9" pin="2" pinfunction="A" pintype="passive"/>
      <node ref="Q5" pin="1" pinfunction="G" pintype="input"/>
      <node ref="R11" pin="1" pintype="passive"/>
      <node ref="R6" pin="2" pintype="passive"/>
    </net>
    <net code="18" name="Net-(D9-K)">
      <node ref="D9" pin="1" pinfunction="K" pintype="passive"/>
      <node ref="R6" pin="1" pintype="passive"/>
      <node ref="U3" pin="7" pinfunction="HO" pintype="output"/>
    </net>
    <net code="19" name="Net-(J1-Pin_1)">
      <node ref="J1" pin="1" pinfunction="Pin_1" pintype="passive"/>
      <node ref="U3" pin="10" pinfunction="HIN" pintype="input"/>
    </net>
    <net code="20" name="Net-(J2-Pin_1)">
      <node ref="J2" pin="1" pinfunction="Pin_1" pintype="passive"/>
      <node ref="U3" pin="12" pinfunction="LIN" pintype="input"/>
    </net>
    <net code="21" name="Net-(J3-Pin_1)">
      <node ref="J3" pin="1" pinfunction="Pin_1" pintype="passive"/>
      <node ref="U1" pin="10" pinfunction="HIN" pintype="input"/>
    </net>
    <net code="22" name="Net-(J4-Pin_1)">
      <node ref="J4" pin="1" pinfunction="Pin_1" pintype="passive"/>
      <node ref="U1" pin="12" pinfunction="LIN" pintype="input"/>
    </net>
    <net code="23" name="Net-(J5-Pin_1)">
      <node ref="J5" pin="1" pinfunction="Pin_1" pintype="passive"/>
      <node ref="U2" pin="10" pinfunction="HIN" pintype="input"/>
    </net>
    <net code="24" name="Net-(J6-Pin_1)">
      <node ref="J6" pin="1" pinfunction="Pin_1" pintype="passive"/>
      <node ref="U2" pin="12" pinfunction="LIN" pintype="input"/>
    </net>
    <net code="25" name="Net-(PHASEA1-Pin_1)">
      <node ref="C12" pin="2" pintype="passive"/>
      <node ref="C9" pin="2" pintype="passive"/>
      <node ref="PHASEA1" pin="1" pinfunction="Pin_1" pintype="passive"/>
      <node ref="Q5" pin="3" pinfunction="S" pintype="passive"/>
      <node ref="Q6" pin="2" pinfunction="D" pintype="passive"/>
      <node ref="U3" pin="5" pinfunction="VS" pintype="passive"/>
    </net>
    <net code="26" name="Net-(PHASEB1-Pin_1)">
      <node ref="C10" pin="2" pintype="passive"/>
      <node ref="C7" pin="2" pintype="passive"/>
      <node ref="PHASEB1" pin="1" pinfunction="Pin_1" pintype="passive"/>
      <node ref="Q1" pin="3" pinfunction="S" pintype="passive"/>
      <node ref="Q2" pin="2" pinfunction="D" pintype="passive"/>
      <node ref="U1" pin="5" pinfunction="VS" pintype="passive"/>
    </net>
    <net code="27" name="Net-(PHASEC1-Pin_1)">
      <node ref="C11" pin="2" pintype="passive"/>
      <node ref="C8" pin="2" pintype="passive"/>
      <node ref="PHASEC1" pin="1" pinfunction="Pin_1" pintype="passive"/>
      <node ref="Q3" pin="3" pinfunction="S" pintype="passive"/>
      <node ref="Q4" pin="2" pinfunction="D" pintype="passive"/>
      <node ref="U2" pin="5" pinfunction="VS" pintype="passive"/>
    </net>
    <net code="28" name="unconnected-(U1-NC-Pad4)">
      <node ref="U1" pin="4" pinfunction="NC" pintype="no_connect"/>
    </net>
    <net code="29" name="unconnected-(U1-NC-Pad8)">
      <node ref="U1" pin="8" pinfunction="NC" pintype="no_connect"/>
    </net>
    <net code="30" name="unconnected-(U1-NC-Pad14)">
      <node ref="U1" pin="14" pinfunction="NC" pintype="no_connect"/>
    </net>
    <net code="31" name="unconnected-(U2-NC-Pad4)">
      <node ref="U2" pin="4" pinfunction="NC" pintype="no_connect"/>
    </net>
    <net code="32" name="unconnected-(U2-NC-Pad8)">
      <node ref="U2" pin="8" pinfunction="NC" pintype="no_connect"/>
    </net>
    <net code="33" name="unconnected-(U2-NC-Pad14)">
      <node ref="U2" pin="14" pinfunction="NC" pintype="no_connect"/>
    </net>
    <net code="34" name="unconnected-(U3-NC-Pad4)">
      <node ref="U3" pin="4" pinfunction="NC" pintype="no_connect"/>
    </net>
    <net code="35" name="unconnected-(U3-NC-Pad8)">
      <node ref="U3" pin="8" pinfunction="NC" pintype="no_connect"/>
    </net>
    <net code="36" name="unconnected-(U3-NC-Pad14)">
      <node ref="U3" pin="14" pinfunction="NC" pintype="no_connect"/>
    </net>
  </nets>
</export>
